<?xml version="1.0" encoding="UTF-8" ?>
<!DOCTYPE log4j:configuration SYSTEM "log4j.dtd">
<log4j:configuration xmlns:log4j="http://jakarta.apache.org/log4j/"
	threshold="debug">

	<!-- Async console appender -->
	<appender name="ASYNC_CONSOLE" class="org.apache.log4j.AsyncAppender">
		<param name="BufferSize" value="8192" />
		<appender-ref ref="CONSOLE" />
	</appender>

	<!-- Console appender -->
	<appender name="CONSOLE" class="org.apache.log4j.ConsoleAppender">
		<param name="Target" value="System.out" />
		<layout class="org.apache.log4j.PatternLayout">
			<param name="ConversionPattern" value="%d %-5p [%t] (%13F:%L) %m%n" />
			
		</layout>
	</appender>

	<!-- console log file appender -->
	<appender name="OUTPUT" class="org.apache.log4j.DailyRollingFileAppender">
		<param name="File" value="./../logs/output.log" />
		<param name="Append" value="true" />
		<param name="DatePattern" value="'.'yyyy-MM-dd" />
		<layout class="org.apache.log4j.PatternLayout">
			<param name="ConversionPattern" value="%d %-5p [%t] (%13F:%L) %m%n" />
		</layout>
	</appender>

	<!-- Application log file appender -->
	<appender name="APPLICATION" class="org.apache.log4j.DailyRollingFileAppender">
		<param name="File" value="./../logs/application.log" />
		<param name="Append" value="true" />
		<param name="DatePattern" value="'.'yyyy-MM-dd" />
		<layout class="org.apache.log4j.PatternLayout">
			<param name="ConversionPattern" value="%d %-5p [%t] (%13F:%L) %m%n" />
		</layout>
	</appender>

	<appender name="ASYNC_OUTPUT" class="org.apache.log4j.AsyncAppender">
		<param name="BufferSize" value="8192" />
		<param name="locationInfo" value="true" />
		<appender-ref ref="OUTPUT" />
	</appender>

	<appender name="ASYNC_APPLICATION" class="org.apache.log4j.AsyncAppender">
		<param name="BufferSize" value="8192" />
		<param name="locationInfo" value="true" />
		<appender-ref ref="APPLICATION" />
	</appender>

	<logger name="org.reflections.Reflections" additivity="false">
		<level value="ERROR" />
		<appender-ref ref="ASYNC_APPLICATION" />
		<appender-ref ref="ASYNC_CONSOLE" />
	</logger>
	
	<logger name="net.anyflow">
		<level value="DEBUG" />
		<appender-ref ref="ASYNC_APPLICATION" />
	</logger>

	<root>
		<level value="DEBUG" />
		<appender-ref ref="ASYNC_OUTPUT" />
		<appender-ref ref="ASYNC_CONSOLE" />
	</root>
</log4j:configuration>